STATION,ELEVATION,LATITUDE,LONGITUDE,DATE,PRCP,SNOW,TAVG,TMAX,TMIN
GHCND:USW00023293,15.5,37.3591,-121.924,20160101,0.00,-9999,-9999,51,33
GHCND:USW00023293,15.5,37.3591,-121.924,20160102,0.00,-9999,-9999,54,41
GHCND:USW00023293,15.5,37.3591,-121.924,20160103,0.00,-9999,-9999,55,43
GHCND:USW00023293,15.5,37.3591,-121.924,20160104,0.01,-9999,-9999,62,48
GHCND:USW00023293,15.5,37.3591,-121.924,20160105,0.97,-9999,-9999,56,49
GHCND:USW00023293,15.5,37.3591,-121.924,20160106,0.62,-9999,-9999,54,48
GHCND:USW00023293,15.5,37.3591,-121.924,20160107,0.03,-9999,-9999,56,43
GHCND:USW00023293,15.5,37.3591,-121.924,20160108,0.00,-9999,-9999,56,38
GHCND:USW00023293,15.5,37.3591,-121.924,20160109,0.01,-9999,-9999,56,50
GHCND:USW00023293,15.5,37.3591,-121.924,20160110,0.01,-9999,-9999,57,47
GHCND:USW00023293,15.5,37.3591,-121.924,20160111,0.00,-9999,-9999,63,48
GHCND:USW00023293,15.5,37.3591,-121.924,20160112,0.00,-9999,-9999,66,44
GHCND:USW00023293,15.5,37.3591,-121.924,20160113,0.08,-9999,-9999,62,46
GHCND:USW00023293,15.5,37.3591,-121.924,20160114,0.01,-9999,-9999,58,42
GHCND:USW00023293,15.5,37.3591,-121.924,20160115,0.16,-9999,-9999,65,51
GHCND:USW00023293,15.5,37.3591,-121.924,20160116,0.12,-9999,-9999,62,53
GHCND:USW00023293,15.5,37.3591,-121.924,20160117,0.39,-9999,-9999,61,56
GHCND:USW00023293,15.5,37.3591,-121.924,20160118,0.58,-9999,-9999,66,52
GHCND:USW00023293,15.5,37.3591,-121.924,20160119,0.44,-9999,-9999,67,52
GHCND:USW00023293,15.5,37.3591,-121.924,20160120,0.00,-9999,-9999,67,48
GHCND:USW00023293,15.5,37.3591,-121.924,20160121,0.00,-9999,-9999,68,49
GHCND:USW00023293,15.5,37.3591,-121.924,20160122,0.42,-9999,-9999,63,56
GHCND:USW00023293,15.5,37.3591,-121.924,20160123,0.06,-9999,-9999,60,48
GHCND:USW00023293,15.5,37.3591,-121.924,20160124,0.00,-9999,-9999,59,45
GHCND:USW00023293,15.5,37.3591,-121.924,20160125,0.00,-9999,-9999,62,44
GHCND:USW00023293,15.5,37.3591,-121.924,20160126,0.00,-9999,-9999,63,47
GHCND:USW00023293,15.5,37.3591,-121.924,20160127,0.00,-9999,-9999,66,46
GHCND:USW00023293,15.5,37.3591,-121.924,20160128,0.00,-9999,-9999,63,42
GHCND:USW00023293,15.5,37.3591,-121.924,20160129,0.05,-9999,-9999,68,55
GHCND:USW00023293,15.5,37.3591,-121.924,20160130,0.03,-9999,-9999,59,51
GHCND:USW00023293,15.5,37.3591,-121.924,20160131,0.10,-9999,-9999,55,46
GHCND:USW00023293,15.5,37.3591,-121.924,20160201,0.00,-9999,-9999,56,39
GHCND:USW00023293,15.5,37.3591,-121.924,20160202,0.05,-9999,-9999,58,38
GHCND:USW00023293,15.5,37.3591,-121.924,20160203,0.00,-9999,-9999,60,38
GHCND:USW00023293,15.5,37.3591,-121.924,20160204,0.00,-9999,-9999,62,45
GHCND:USW00023293,15.5,37.3591,-121.924,20160205,0.00,-9999,-9999,65,40
GHCND:USW00023293,15.5,37.3591,-121.924,20160206,0.00,-9999,-9999,65,41
GHCND:USW00023293,15.5,37.3591,-121.924,20160207,0.00,-9999,-9999,76,44
GHCND:USW00023293,15.5,37.3591,-121.924,20160208,0.00,-9999,-9999,78,45
GHCND:USW00023293,15.5,37.3591,-121.924,20160209,0.00,-9999,-9999,76,46
GHCND:USW00023293,15.5,37.3591,-121.924,20160210,0.00,-9999,-9999,73,45
GHCND:USW00023293,15.5,37.3591,-121.924,20160211,0.00,-9999,-9999,72,47
GHCND:USW00023293,15.5,37.3591,-121.924,20160212,0.00,-9999,-9999,69,48
GHCND:USW00023293,15.5,37.3591,-121.924,20160213,0.00,-9999,-9999,68,52
GHCND:USW00023293,15.5,37.3591,-121.924,20160214,0.00,-9999,-9999,71,45
GHCND:USW00023293,15.5,37.3591,-121.924,20160215,0.00,-9999,-9999,76,52
GHCND:USW00023293,15.5,37.3591,-121.924,20160216,0.00,-9999,-9999,80,49
GHCND:USW00023293,15.5,37.3591,-121.924,20160217,0.15,-9999,-9999,68,51
GHCND:USW00023293,15.5,37.3591,-121.924,20160218,0.11,-9999,-9999,63,49
GHCND:USW00023293,15.5,37.3591,-121.924,20160219,0.00,-9999,-9999,62,44
GHCND:USW00023293,15.5,37.3591,-121.924,20160220,0.00,-9999,-9999,62,48
GHCND:USW00023293,15.5,37.3591,-121.924,20160221,0.00,-9999,-9999,64,43
GHCND:USW00023293,15.5,37.3591,-121.924,20160222,0.00,-9999,-9999,69,44
GHCND:USW00023293,15.5,37.3591,-121.924,20160223,0.00,-9999,-9999,73,46
GHCND:USW00023293,15.5,37.3591,-121.924,20160224,0.00,-9999,-9999,73,44
GHCND:USW00023293,15.5,37.3591,-121.924,20160225,0.00,-9999,-9999,77,47
GHCND:USW00023293,15.5,37.3591,-121.924,20160226,0.00,-9999,-9999,71,50
GHCND:USW00023293,15.5,37.3591,-121.924,20160227,0.00,-9999,-9999,70,53
GHCND:USW00023293,15.5,37.3591,-121.924,20160228,0.00,-9999,-9999,68,46
GHCND:USW00023293,15.5,37.3591,-121.924,20160229,0.00,-9999,-9999,75,54
GHCND:USW00023293,15.5,37.3591,-121.924,20160301,0.00,-9999,-9999,73,52
GHCND:USW00023293,15.5,37.3591,-121.924,20160302,0.00,-9999,-9999,77,49
GHCND:USW00023293,15.5,37.3591,-121.924,20160303,0.00,-9999,-9999,72,54
GHCND:USW00023293,15.5,37.3591,-121.924,20160304,0.26,-9999,-9999,67,58
GHCND:USW00023293,15.5,37.3591,-121.924,20160305,1.20,-9999,-9999,66,55
GHCND:USW00023293,15.5,37.3591,-121.924,20160306,0.73,-9999,-9999,62,50
GHCND:USW00023293,15.5,37.3591,-121.924,20160307,0.63,-9999,-9999,58,48
GHCND:USW00023293,15.5,37.3591,-121.924,20160308,0.01,-9999,-9999,61,41
GHCND:USW00023293,15.5,37.3591,-121.924,20160309,0.02,-9999,-9999,71,52
GHCND:USW00023293,15.5,37.3591,-121.924,20160310,0.00,-9999,-9999,70,59
GHCND:USW00023293,15.5,37.3591,-121.924,20160311,0.23,-9999,-9999,60,52
GHCND:USW00023293,15.5,37.3591,-121.924,20160312,0.03,-9999,-9999,60,46
GHCND:USW00023293,15.5,37.3591,-121.924,20160313,0.50,-9999,-9999,60,55
GHCND:USW00023293,15.5,37.3591,-121.924,20160314,0.01,-9999,-9999,62,49
GHCND:USW00023293,15.5,37.3591,-121.924,20160315,0.00,-9999,-9999,66,44
GHCND:USW00023293,15.5,37.3591,-121.924,20160316,0.00,-9999,-9999,71,43
GHCND:USW00023293,15.5,37.3591,-121.924,20160317,0.00,-9999,-9999,77,47
GHCND:USW00023293,15.5,37.3591,-121.924,20160318,0.00,-9999,-9999,68,52
GHCND:USW00023293,15.5,37.3591,-121.924,20160319,0.00,-9999,-9999,73,52
GHCND:USW00023293,15.5,37.3591,-121.924,20160320,0.04,-9999,-9999,72,52
GHCND:USW00023293,15.5,37.3591,-121.924,20160321,0.20,-9999,-9999,67,49
GHCND:USW00023293,15.5,37.3591,-121.924,20160322,0.06,-9999,-9999,63,46
GHCND:USW00023293,15.5,37.3591,-121.924,20160323,0.00,-9999,-9999,67,45
GHCND:USW00023293,15.5,37.3591,-121.924,20160324,0.00,-9999,-9999,69,45
GHCND:USW00023293,15.5,37.3591,-121.924,20160325,0.00,-9999,-9999,70,47
GHCND:USW00023293,15.5,37.3591,-121.924,20160326,0.00,-9999,-9999,72,47
GHCND:USW00023293,15.5,37.3591,-121.924,20160327,0.00,-9999,-9999,66,53
GHCND:USW00023293,15.5,37.3591,-121.924,20160328,0.04,-9999,-9999,61,47
GHCND:USW00023293,15.5,37.3591,-121.924,20160329,0.00,-9999,-9999,66,41
GHCND:USW00023293,15.5,37.3591,-121.924,20160330,0.00,-9999,-9999,65,44
GHCND:USW00023293,15.5,37.3591,-121.924,20160331,0.00,-9999,-9999,68,51
GHCND:USW00023293,15.5,37.3591,-121.924,20160401,0.00,-9999,-9999,66,45
GHCND:USW00023293,15.5,37.3591,-121.924,20160402,0.00,-9999,-9999,73,53
GHCND:USW00023293,15.5,37.3591,-121.924,20160403,0.00,-9999,-9999,68,54
GHCND:USW00023293,15.5,37.3591,-121.924,20160404,0.00,-9999,-9999,71,52
GHCND:USW00023293,15.5,37.3591,-121.924,20160405,0.00,-9999,-9999,82,49
GHCND:USW00023293,15.5,37.3591,-121.924,20160406,0.00,-9999,-9999,88,53
GHCND:USW00023293,15.5,37.3591,-121.924,20160407,0.00,-9999,-9999,78,59
GHCND:USW00023293,15.5,37.3591,-121.924,20160408,0.39,-9999,-9999,66,58
GHCND:USW00023293,15.5,37.3591,-121.924,20160409,0.35,-9999,-9999,65,58
GHCND:USW00023293,15.5,37.3591,-121.924,20160410,0.24,-9999,-9999,60,55
GHCND:USW00023293,15.5,37.3591,-121.924,20160411,0.00,-9999,-9999,70,54
GHCND:USW00023293,15.5,37.3591,-121.924,20160412,0.00,-9999,-9999,61,52
GHCND:USW00023293,15.5,37.3591,-121.924,20160413,0.00,-9999,-9999,68,49
GHCND:USW00023293,15.5,37.3591,-121.924,20160414,0.07,-9999,-9999,65,51
GHCND:USW00023293,15.5,37.3591,-121.924,20160415,0.00,-9999,-9999,71,48
GHCND:USW00023293,15.5,37.3591,-121.924,20160416,0.00,-9999,-9999,80,49
GHCND:USW00023293,15.5,37.3591,-121.924,20160417,0.00,-9999,-9999,87,52
GHCND:USW00023293,15.5,37.3591,-121.924,20160418,0.00,-9999,-9999,91,53
GHCND:USW00023293,15.5,37.3591,-121.924,20160419,0.00,-9999,-9999,82,56
GHCND:USW00023293,15.5,37.3591,-121.924,20160420,0.00,-9999,-9999,79,50
GHCND:USW00023293,15.5,37.3591,-121.924,20160421,0.00,-9999,-9999,77,57
GHCND:USW00023293,15.5,37.3591,-121.924,20160422,0.42,-9999,-9999,64,54
GHCND:USW00023293,15.5,37.3591,-121.924,20160423,0.00,-9999,-9999,68,48
GHCND:USW00023293,15.5,37.3591,-121.924,20160424,0.00,-9999,-9999,68,51
GHCND:USW00023293,15.5,37.3591,-121.924,20160425,0.00,-9999,-9999,66,47
GHCND:USW00023293,15.5,37.3591,-121.924,20160426,0.00,-9999,-9999,69,45
GHCND:USW00023293,15.5,37.3591,-121.924,20160427,0.06,-9999,-9999,63,49
GHCND:USW00023293,15.5,37.3591,-121.924,20160428,0.00,-9999,-9999,73,49
GHCND:USW00023293,15.5,37.3591,-121.924,20160429,0.00,-9999,-9999,71,51
GHCND:USW00023293,15.5,37.3591,-121.924,20160430,0.00,-9999,-9999,78,50
GHCND:USW00023293,15.5,37.3591,-121.924,20160501,0.00,-9999,-9999,84,54
GHCND:USW00023293,15.5,37.3591,-121.924,20160502,0.00,-9999,-9999,74,52
GHCND:USW00023293,15.5,37.3591,-121.924,20160503,0.00,-9999,-9999,73,55
GHCND:USW00023293,15.5,37.3591,-121.924,20160504,0.00,-9999,-9999,72,56
GHCND:USW00023293,15.5,37.3591,-121.924,20160505,0.00,-9999,-9999,71,55
GHCND:USW00023293,15.5,37.3591,-121.924,20160506,0.17,-9999,-9999,61,54
GHCND:USW00023293,15.5,37.3591,-121.924,20160507,0.01,-9999,-9999,65,54
GHCND:USW00023293,15.5,37.3591,-121.924,20160508,0.00,-9999,-9999,71,56
GHCND:USW00023293,15.5,37.3591,-121.924,20160509,0.00,-9999,-9999,72,56
GHCND:USW00023293,15.5,37.3591,-121.924,20160510,0.00,-9999,-9999,75,56
GHCND:USW00023293,15.5,37.3591,-121.924,20160511,0.00,-9999,-9999,73,53
GHCND:USW00023293,15.5,37.3591,-121.924,20160512,0.00,-9999,-9999,71,57
GHCND:USW00023293,15.5,37.3591,-121.924,20160513,0.00,-9999,-9999,70,53
GHCND:USW00023293,15.5,37.3591,-121.924,20160514,0.00,-9999,-9999,74,51
GHCND:USW00023293,15.5,37.3591,-121.924,20160515,0.00,-9999,-9999,73,58
GHCND:USW00023293,15.5,37.3591,-121.924,20160516,0.00,-9999,-9999,79,55
GHCND:USW00023293,15.5,37.3591,-121.924,20160517,0.00,-9999,-9999,89,56
GHCND:USW00023293,15.5,37.3591,-121.924,20160518,0.00,-9999,-9999,88,60
GHCND:USW00023293,15.5,37.3591,-121.924,20160519,0.00,-9999,-9999,73,55
GHCND:USW00023293,15.5,37.3591,-121.924,20160520,0.00,-9999,-9999,65,53
GHCND:USW00023293,15.5,37.3591,-121.924,20160521,0.14,-9999,-9999,63,52
GHCND:USW00023293,15.5,37.3591,-121.924,20160522,0.00,-9999,-9999,69,48
GHCND:USW00023293,15.5,37.3591,-121.924,20160523,0.00,-9999,-9999,70,50
GHCND:USW00023293,15.5,37.3591,-121.924,20160524,0.00,-9999,-9999,70,55
GHCND:USW00023293,15.5,37.3591,-121.924,20160525,0.00,-9999,-9999,72,56
GHCND:USW00023293,15.5,37.3591,-121.924,20160526,0.00,-9999,-9999,78,50
GHCND:USW00023293,15.5,37.3591,-121.924,20160527,0.00,-9999,-9999,80,53
GHCND:USW00023293,15.5,37.3591,-121.924,20160528,0.00,-9999,-9999,87,60
GHCND:USW00023293,15.5,37.3591,-121.924,20160529,0.00,-9999,-9999,83,55
GHCND:USW00023293,15.5,37.3591,-121.924,20160530,0.00,-9999,-9999,83,54
GHCND:USW00023293,15.5,37.3591,-121.924,20160531,0.00,-9999,-9999,89,58
GHCND:USW00023293,15.5,37.3591,-121.924,20160601,0.00,-9999,-9999,82,59
GHCND:USW00023293,15.5,37.3591,-121.924,20160602,0.00,-9999,-9999,86,55
GHCND:USW00023293,15.5,37.3591,-121.924,20160603,0.00,-9999,-9999,95,60
GHCND:USW00023293,15.5,37.3591,-121.924,20160604,0.00,-9999,-9999,89,61
GHCND:USW00023293,15.5,37.3591,-121.924,20160605,0.00,-9999,-9999,88,59
GHCND:USW00023293,15.5,37.3591,-121.924,20160606,0.00,-9999,-9999,77,57
GHCND:USW00023293,15.5,37.3591,-121.924,20160607,0.00,-9999,-9999,79,59
GHCND:USW00023293,15.5,37.3591,-121.924,20160608,0.00,-9999,-9999,74,60
GHCND:USW00023293,15.5,37.3591,-121.924,20160609,0.00,-9999,-9999,72,59
GHCND:USW00023293,15.5,37.3591,-121.924,20160610,0.00,-9999,-9999,73,56
GHCND:USW00023293,15.5,37.3591,-121.924,20160611,0.00,-9999,-9999,86,53
GHCND:USW00023293,15.5,37.3591,-121.924,20160612,0.00,-9999,-9999,84,59
GHCND:USW00023293,15.5,37.3591,-121.924,20160613,0.00,-9999,-9999,75,58
GHCND:USW00023293,15.5,37.3591,-121.924,20160614,0.00,-9999,-9999,72,54
GHCND:USW00023293,15.5,37.3591,-121.924,20160615,0.00,-9999,-9999,70,51
GHCND:USW00023293,15.5,37.3591,-121.924,20160616,0.00,-9999,-9999,77,52
GHCND:USW00023293,15.5,37.3591,-121.924,20160617,0.00,-9999,-9999,79,58
GHCND:USW00023293,15.5,37.3591,-121.924,20160618,0.00,-9999,-9999,77,58
GHCND:USW00023293,15.5,37.3591,-121.924,20160619,0.00,-9999,-9999,87,59
GHCND:USW00023293,15.5,37.3591,-121.924,20160620,0.00,-9999,-9999,85,59
GHCND:USW00023293,15.5,37.3591,-121.924,20160621,0.00,-9999,-9999,90,59
GHCND:USW00023293,15.5,37.3591,-121.924,20160622,0.00,-9999,-9999,75,56
GHCND:USW00023293,15.5,37.3591,-121.924,20160623,0.00,-9999,-9999,82,54
GHCND:USW00023293,15.5,37.3591,-121.924,20160624,0.00,-9999,-9999,82,56
GHCND:USW00023293,15.5,37.3591,-121.924,20160625,0.00,-9999,-9999,90,60
GHCND:USW00023293,15.5,37.3591,-121.924,20160626,0.00,-9999,-9999,88,59
GHCND:USW00023293,15.5,37.3591,-121.924,20160627,0.00,-9999,-9999,87,59
GHCND:USW00023293,15.5,37.3591,-121.924,20160628,0.00,-9999,-9999,84,60
GHCND:USW00023293,15.5,37.3591,-121.924,20160629,0.00,-9999,-9999,73,56
GHCND:USW00023293,15.5,37.3591,-121.924,20160630,0.00,-9999,-9999,86,56
GHCND:USW00023293,15.5,37.3591,-121.924,20160701,0.00,-9999,-9999,81,56
GHCND:USW00023293,15.5,37.3591,-121.924,20160702,0.00,-9999,-9999,81,55
GHCND:USW00023293,15.5,37.3591,-121.924,20160703,0.00,-9999,-9999,81,57
GHCND:USW00023293,15.5,37.3591,-121.924,20160704,0.00,-9999,-9999,80,56
GHCND:USW00023293,15.5,37.3591,-121.924,20160705,0.00,-9999,-9999,77,57
GHCND:USW00023293,15.5,37.3591,-121.924,20160706,0.00,-9999,-9999,75,55
GHCND:USW00023293,15.5,37.3591,-121.924,20160707,0.00,-9999,-9999,73,57
GHCND:USW00023293,15.5,37.3591,-121.924,20160708,0.00,-9999,-9999,78,59
GHCND:USW00023293,15.5,37.3591,-121.924,20160709,0.00,-9999,-9999,80,60
GHCND:USW00023293,15.5,37.3591,-121.924,20160710,0.00,-9999,-9999,79,55
GHCND:USW00023293,15.5,37.3591,-121.924,20160711,0.00,-9999,-9999,84,58
GHCND:USW00023293,15.5,37.3591,-121.924,20160712,0.00,-9999,-9999,79,56
GHCND:USW00023293,15.5,37.3591,-121.924,20160713,0.00,-9999,-9999,89,57
GHCND:USW00023293,15.5,37.3591,-121.924,20160714,0.00,-9999,-9999,86,60
GHCND:USW00023293,15.5,37.3591,-121.924,20160715,0.00,-9999,-9999,82,55
GHCND:USW00023293,15.5,37.3591,-121.924,20160716,0.00,-9999,-9999,82,57
GHCND:USW00023293,15.5,37.3591,-121.924,20160717,0.00,-9999,-9999,80,56
GHCND:USW00023293,15.5,37.3591,-121.924,20160718,0.00,-9999,-9999,73,58
GHCND:USW00023293,15.5,37.3591,-121.924,20160719,0.00,-9999,-9999,75,57
GHCND:USW00023293,15.5,37.3591,-121.924,20160720,0.00,-9999,-9999,80,56
GHCND:USW00023293,15.5,37.3591,-121.924,20160721,0.00,-9999,-9999,78,57
GHCND:USW00023293,15.5,37.3591,-121.924,20160722,0.00,-9999,-9999,85,56
GHCND:USW00023293,15.5,37.3591,-121.924,20160723,0.00,-9999,-9999,89,59
GHCND:USW00023293,15.5,37.3591,-121.924,20160724,0.00,-9999,-9999,85,59
GHCND:USW00023293,15.5,37.3591,-121.924,20160725,0.00,-9999,-9999,84,56
GHCND:USW00023293,15.5,37.3591,-121.924,20160726,0.00,-9999,-9999,94,61
GHCND:USW00023293,15.5,37.3591,-121.924,20160727,0.00,-9999,-9999,91,64
GHCND:USW00023293,15.5,37.3591,-121.924,20160728,0.00,-9999,-9999,86,61
GHCND:USW00023293,15.5,37.3591,-121.924,20160729,0.00,-9999,-9999,84,60
GHCND:USW00023293,15.5,37.3591,-121.924,20160730,0.00,-9999,-9999,81,60
GHCND:USW00023293,15.5,37.3591,-121.924,20160731,0.00,-9999,-9999,79,59
GHCND:USW00023293,15.5,37.3591,-121.924,20160801,0.00,-9999,-9999,79,59
GHCND:USW00023293,15.5,37.3591,-121.924,20160802,0.00,-9999,-9999,81,57
GHCND:USW00023293,15.5,37.3591,-121.924,20160803,0.00,-9999,-9999,82,57
GHCND:USW00023293,15.5,37.3591,-121.924,20160804,0.00,-9999,-9999,74,58
GHCND:USW00023293,15.5,37.3591,-121.924,20160805,0.00,-9999,-9999,78,58
GHCND:USW00023293,15.5,37.3591,-121.924,20160806,0.00,-9999,-9999,75,58
GHCND:USW00023293,15.5,37.3591,-121.924,20160807,0.00,-9999,-9999,78,55
GHCND:USW00023293,15.5,37.3591,-121.924,20160808,0.00,-9999,-9999,81,57
GHCND:USW00023293,15.5,37.3591,-121.924,20160809,0.00,-9999,-9999,85,57
GHCND:USW00023293,15.5,37.3591,-121.924,20160810,0.00,-9999,-9999,84,56
GHCND:USW00023293,15.5,37.3591,-121.924,20160811,0.00,-9999,-9999,81,56
GHCND:USW00023293,15.5,37.3591,-121.924,20160812,0.00,-9999,-9999,80,60
GHCND:USW00023293,15.5,37.3591,-121.924,20160813,0.00,-9999,-9999,88,59
GHCND:USW00023293,15.5,37.3591,-121.924,20160814,0.00,-9999,-9999,85,60
GHCND:USW00023293,15.5,37.3591,-121.924,20160815,0.00,-9999,-9999,79,60
GHCND:USW00023293,15.5,37.3591,-121.924,20160816,0.00,-9999,-9999,82,59
GHCND:USW00023293,15.5,37.3591,-121.924,20160817,0.00,-9999,-9999,82,59
GHCND:USW00023293,15.5,37.3591,-121.924,20160818,0.00,-9999,-9999,80,61
GHCND:USW00023293,15.5,37.3591,-121.924,20160819,0.00,-9999,-9999,78,58
GHCND:USW00023293,15.5,37.3591,-121.924,20160820,0.00,-9999,-9999,76,61
GHCND:USW00023293,15.5,37.3591,-121.924,20160821,0.00,-9999,-9999,78,60
GHCND:USW00023293,15.5,37.3591,-121.924,20160822,0.00,-9999,-9999,77,60
GHCND:USW00023293,15.5,37.3591,-121.924,20160823,0.00,-9999,-9999,81,60
GHCND:USW00023293,15.5,37.3591,-121.924,20160824,0.00,-9999,-9999,78,60
GHCND:USW00023293,15.5,37.3591,-121.924,20160825,0.00,-9999,-9999,76,60
GHCND:USW00023293,15.5,37.3591,-121.924,20160826,0.00,-9999,-9999,81,60
GHCND:USW00023293,15.5,37.3591,-121.924,20160827,0.00,-9999,-9999,78,61
GHCND:USW00023293,15.5,37.3591,-121.924,20160828,0.00,-9999,-9999,79,60
GHCND:USW00023293,15.5,37.3591,-121.924,20160829,0.00,-9999,-9999,76,60
GHCND:USW00023293,15.5,37.3591,-121.924,20160830,0.00,-9999,-9999,81,59
GHCND:USW00023293,15.5,37.3591,-121.924,20160831,0.00,-9999,-9999,78,60
GHCND:USW00023293,15.5,37.3591,-121.924,20160901,0.00,-9999,-9999,75,59
GHCND:USW00023293,15.5,37.3591,-121.924,20160902,0.00,-9999,-9999,81,57
GHCND:USW00023293,15.5,37.3591,-121.924,20160903,0.00,-9999,-9999,75,57
GHCND:USW00023293,15.5,37.3591,-121.924,20160904,0.00,-9999,-9999,76,55
GHCND:USW00023293,15.5,37.3591,-121.924,20160905,0.00,-9999,-9999,81,54
GHCND:USW00023293,15.5,37.3591,-121.924,20160906,0.00,-9999,-9999,87,54
GHCND:USW00023293,15.5,37.3591,-121.924,20160907,0.00,-9999,-9999,93,59
GHCND:USW00023293,15.5,37.3591,-121.924,20160908,0.00,-9999,-9999,80,59
GHCND:USW00023293,15.5,37.3591,-121.924,20160909,0.00,-9999,-9999,80,59
GHCND:USW00023293,15.5,37.3591,-121.924,20160910,0.00,-9999,-9999,77,59
GHCND:USW00023293,15.5,37.3591,-121.924,20160911,0.00,-9999,-9999,76,57
GHCND:USW00023293,15.5,37.3591,-121.924,20160912,0.00,-9999,-9999,76,57
GHCND:USW00023293,15.5,37.3591,-121.924,20160913,0.00,-9999,-9999,73,56
GHCND:USW00023293,15.5,37.3591,-121.924,20160914,0.00,-9999,-9999,78,54
GHCND:USW00023293,15.5,37.3591,-121.924,20160915,0.00,-9999,-9999,76,56
GHCND:USW00023293,15.5,37.3591,-121.924,20160916,0.00,-9999,-9999,80,57
GHCND:USW00023293,15.5,37.3591,-121.924,20160917,0.00,-9999,-9999,85,58
GHCND:USW00023293,15.5,37.3591,-121.924,20160918,0.00,-9999,-9999,93,58
GHCND:USW00023293,15.5,37.3591,-121.924,20160919,0.00,-9999,-9999,94,63
GHCND:USW00023293,15.5,37.3591,-121.924,20160920,0.00,-9999,-9999,81,61
GHCND:USW00023293,15.5,37.3591,-121.924,20160921,0.00,-9999,-9999,76,58
GHCND:USW00023293,15.5,37.3591,-121.924,20160922,0.00,-9999,-9999,73,57
GHCND:USW00023293,15.5,37.3591,-121.924,20160923,0.00,-9999,-9999,80,52
GHCND:USW00023293,15.5,37.3591,-121.924,20160924,0.00,-9999,-9999,87,57
GHCND:USW00023293,15.5,37.3591,-121.924,20160925,0.00,-9999,-9999,97,59
GHCND:USW00023293,15.5,37.3591,-121.924,20160926,0.00,-9999,-9999,98,62
GHCND:USW00023293,15.5,37.3591,-121.924,20160927,0.00,-9999,-9999,95,63
GHCND:USW00023293,15.5,37.3591,-121.924,20160928,0.00,-9999,-9999,80,58
GHCND:USW00023293,15.5,37.3591,-121.924,20160929,0.00,-9999,-9999,73,57
GHCND:USW00023293,15.5,37.3591,-121.924,20160930,0.00,-9999,-9999,70,56
GHCND:USW00023293,15.5,37.3591,-121.924,20161001,0.00,-9999,-9999,73,52
GHCND:USW00023293,15.5,37.3591,-121.924,20161002,0.00,-9999,-9999,72,51
GHCND:USW00023293,15.5,37.3591,-121.924,20161003,0.00,-9999,-9999,69,50
GHCND:USW00023293,15.5,37.3591,-121.924,20161004,0.00,-9999,-9999,72,56
GHCND:USW00023293,15.5,37.3591,-121.924,20161005,0.00,-9999,-9999,75,51
GHCND:USW00023293,15.5,37.3591,-121.924,20161006,0.00,-9999,-9999,78,50
GHCND:USW00023293,15.5,37.3591,-121.924,20161007,0.00,-9999,-9999,85,53
GHCND:USW00023293,15.5,37.3591,-121.924,20161008,0.00,-9999,-9999,89,54
GHCND:USW00023293,15.5,37.3591,-121.924,20161009,0.00,-9999,-9999,86,56
GHCND:USW00023293,15.5,37.3591,-121.924,20161010,0.00,-9999,-9999,73,56
GHCND:USW00023293,15.5,37.3591,-121.924,20161011,0.00,-9999,-9999,71,59
GHCND:USW00023293,15.5,37.3591,-121.924,20161012,0.00,-9999,-9999,72,55
GHCND:USW00023293,15.5,37.3591,-121.924,20161013,0.00,-9999,-9999,73,51
GHCND:USW00023293,15.5,37.3591,-121.924,20161014,0.00,-9999,-9999,72,60
GHCND:USW00023293,15.5,37.3591,-121.924,20161015,0.04,-9999,-9999,76,60
GHCND:USW00023293,15.5,37.3591,-121.924,20161016,0.40,-9999,-9999,68,61
GHCND:USW00023293,15.5,37.3591,-121.924,20161017,0.00,-9999,-9999,71,54
GHCND:USW00023293,15.5,37.3591,-121.924,20161018,0.00,-9999,-9999,71,52
GHCND:USW00023293,15.5,37.3591,-121.924,20161019,0.00,-9999,-9999,78,51
GHCND:USW00023293,15.5,37.3591,-121.924,20161020,0.00,-9999,-9999,82,52
GHCND:USW00023293,15.5,37.3591,-121.924,20161021,0.00,-9999,-9999,79,53
GHCND:USW00023293,15.5,37.3591,-121.924,20161022,0.00,-9999,-9999,74,53
GHCND:USW00023293,15.5,37.3591,-121.924,20161023,0.00,-9999,-9999,75,51
GHCND:USW00023293,15.5,37.3591,-121.924,20161024,0.00,-9999,-9999,69,59
GHCND:USW00023293,15.5,37.3591,-121.924,20161025,0.00,-9999,-9999,75,62
GHCND:USW00023293,15.5,37.3591,-121.924,20161026,0.00,-9999,-9999,80,54
GHCND:USW00023293,15.5,37.3591,-121.924,20161027,0.30,-9999,-9999,70,60
GHCND:USW00023293,15.5,37.3591,-121.924,20161028,0.64,-9999,-9999,72,62
GHCND:USW00023293,15.5,37.3591,-121.924,20161029,0.01,-9999,-9999,73,59
GHCND:USW00023293,15.5,37.3591,-121.924,20161030,0.17,-9999,-9999,68,58
GHCND:USW00023293,15.5,37.3591,-121.924,20161031,0.00,-9999,-9999,68,51
GHCND:USW00023293,15.5,37.3591,-121.924,20161101,0.03,-9999,-9999,67,52
GHCND:USW00023293,15.5,37.3591,-121.924,20161102,0.00,-9999,-9999,73,47
GHCND:USW00023293,15.5,37.3591,-121.924,20161103,0.00,-9999,-9999,75,49
GHCND:USW00023293,15.5,37.3591,-121.924,20161104,0.00,-9999,-9999,76,50
GHCND:USW00023293,15.5,37.3591,-121.924,20161105,0.00,-9999,-9999,70,48
GHCND:USW00023293,15.5,37.3591,-121.924,20161106,0.00,-9999,-9999,74,54
GHCND:USW00023293,15.5,37.3591,-121.924,20161107,0.00,-9999,-9999,75,57
GHCND:USW00023293,15.5,37.3591,-121.924,20161108,0.00,-9999,-9999,77,56
GHCND:USW00023293,15.5,37.3591,-121.924,20161109,0.00,-9999,-9999,79,55
GHCND:USW00023293,15.5,37.3591,-121.924,20161110,0.00,-9999,-9999,78,54
GHCND:USW00023293,15.5,37.3591,-121.924,20161111,0.00,-9999,-9999,77,53
GHCND:USW00023293,15.5,37.3591,-121.924,20161112,0.00,-9999,-9999,75,56
GHCND:USW00023293,15.5,37.3591,-121.924,20161113,0.00,-9999,-9999,73,51
GHCND:USW00023293,15.5,37.3591,-121.924,20161114,0.00,-9999,-9999,69,57
GHCND:USW00023293,15.5,37.3591,-121.924,20161115,0.00,-9999,-9999,71,57
GHCND:USW00023293,15.5,37.3591,-121.924,20161116,0.00,-9999,-9999,62,50
GHCND:USW00023293,15.5,37.3591,-121.924,20161117,0.00,-9999,-9999,64,42
GHCND:USW00023293,15.5,37.3591,-121.924,20161118,0.00,-9999,-9999,73,42
GHCND:USW00023293,15.5,37.3591,-121.924,20161119,0.04,-9999,-9999,65,53
GHCND:USW00023293,15.5,37.3591,-121.924,20161120,0.34,-9999,-9999,64,54
GHCND:USW00023293,15.5,37.3591,-121.924,20161121,0.00,-9999,-9999,63,49
GHCND:USW00023293,15.5,37.3591,-121.924,20161122,0.00,-9999,-9999,64,44
GHCND:USW00023293,15.5,37.3591,-121.924,20161123,0.05,-9999,-9999,62,46
GHCND:USW00023293,15.5,37.3591,-121.924,20161124,0.00,-9999,-9999,62,40
GHCND:USW00023293,15.5,37.3591,-121.924,20161125,0.00,-9999,-9999,62,41
GHCND:USW00023293,15.5,37.3591,-121.924,20161126,0.51,-9999,-9999,56,49
GHCND:USW00023293,15.5,37.3591,-121.924,20161127,0.30,-9999,-9999,59,50
GHCND:USW00023293,15.5,37.3591,-121.924,20161128,0.02,-9999,-9999,60,48
GHCND:USW00023293,15.5,37.3591,-121.924,20161129,0.00,-9999,-9999,61,42
GHCND:USW00023293,15.5,37.3591,-121.924,20161130,0.02,-9999,-9999,61,39
GHCND:USW00023293,15.5,37.3591,-121.924,20161201,0.00,0.0,-9999,60,42
GHCND:USW00023293,15.5,37.3591,-121.924,20161202,0.00,0.0,-9999,63,47
GHCND:USW00023293,15.5,37.3591,-121.924,20161203,0.00,0.0,-9999,65,39
GHCND:USW00023293,15.5,37.3591,-121.924,20161204,0.00,0.0,-9999,62,42
GHCND:USW00023293,15.5,37.3591,-121.924,20161205,0.00,-9999,-9999,57,49
GHCND:USW00023293,15.5,37.3591,-121.924,20161206,0.00,0.0,-9999,57,42
GHCND:USW00023293,15.5,37.3591,-121.924,20161207,0.04,0.0,-9999,54,38
GHCND:USW00023293,15.5,37.3591,-121.924,20161208,0.01,0.0,-9999,63,50
GHCND:USW00023293,15.5,37.3591,-121.924,20161209,0.00,0.0,-9999,68,57
GHCND:USW00023293,15.5,37.3591,-121.924,20161210,0.43,0.0,-9999,64,54
GHCND:USW00023293,15.5,37.3591,-121.924,20161211,0.00,0.0,-9999,55,48
GHCND:USW00023293,15.5,37.3591,-121.924,20161212,0.00,0.0,-9999,57,49
GHCND:USW00023293,15.5,37.3591,-121.924,20161213,0.00,0.0,-9999,61,50
GHCND:USW00023293,15.5,37.3591,-121.924,20161214,0.00,0.0,-9999,63,55
GHCND:USW00023293,15.5,37.3591,-121.924,20161215,0.50,0.0,-9999,62,51
GHCND:USW00023293,15.5,37.3591,-121.924,20161216,0.00,0.0,-9999,54,43
GHCND:USW00023293,15.5,37.3591,-121.924,20161217,0.00,0.0,-9999,54,33
GHCND:USW00023293,15.5,37.3591,-121.924,20161218,0.00,-9999,-9999,54,30
GHCND:USW00023293,15.5,37.3591,-121.924,20161219,0.00,0.0,-9999,56,30
GHCND:USW00023293,15.5,37.3591,-121.924,20161220,0.00,0.0,-9999,60,35
GHCND:USW00023293,15.5,37.3591,-121.924,20161221,0.00,0.0,-9999,65,40
GHCND:USW00023293,15.5,37.3591,-121.924,20161222,0.00,0.0,-9999,65,40
GHCND:USW00023293,15.5,37.3591,-121.924,20161223,0.53,-9999,-9999,54,43
GHCND:USW00023293,15.5,37.3591,-121.924,20161224,0.00,0.0,-9999,52,37
GHCND:USW00023293,15.5,37.3591,-121.924,20161225,0.00,0.0,-9999,54,34
GHCND:USW00023293,15.5,37.3591,-121.924,20161226,0.00,0.0,-9999,55,32
GHCND:USW00023293,15.5,37.3591,-121.924,20161227,0.00,0.0,-9999,57,34
GHCND:USW00023293,15.5,37.3591,-121.924,20161228,0.00,0.0,-9999,61,33
GHCND:USW00023293,15.5,37.3591,-121.924,20161229,0.00,0.0,-9999,62,36
GHCND:USW00023293,15.5,37.3591,-121.924,20161230,0.00,0.0,-9999,62,41
GHCND:USW00023293,15.5,37.3591,-121.924,20161231,0.00,0.0,-9999,56,39
